kategori,toplam_satis_adedi,toplam_ciro,ortalama_birim_fiyat
Elektronik,31,118400,9766.666666666666
Kirtasiye,190,4500,28.333333333333332
Mobilya,10,21000,2166.6666666666665
